distance_cm,voltage_mean,voltage_sd
1,0.9602,0.0154
2,1.1237,0.0080
3,1.2966,0.0144
4,1.4178,0.0056
5,1.5331,0.0174
6,1.6213,0.0086
7,1.6891,0.0133
8,1.7563,0.0139
9,2.0068,0.0179
10,2.3890,0.0233
11,2.5578,0.0244
12,2.6063,0.0141
13,2.6073,0.0263
14,2.5880,0.0135
15,2.5574,0.0167
16,2.5126,0.0310
17,2.4678,0.0105
18,2.4383,0.0245
19,2.3876,0.0127
20,2.3369,0.0283
21,2.2990,0.0138
22,2.2520,0.0238
23,2.2086,0.0074
24,2.1632,0.0118
25,2.1104,0.0112
26,2.0717,0.0114
27,2.0247,0.0222
28,1.9675,0.0193
29,1.9294,0.0191
30,1.8807,0.0137
31,1.8221,0.0134
32,1.7801,0.0054
33,1.7424,0.0121
34,1.6958,0.0184
35,1.6571,0.0093
36,1.6025,0.0060
37,1.5691,0.0100
38,1.5282,0.0128
39,1.4891,0.0061
40,1.4557,0.0076
41,1.4221,0.0157
42,1.3864,0.0112
43,1.3506,0.0111
44,1.3325,0.0121
45,1.2932,0.0094
46,1.2579,0.0118
47,1.2357,0.0100
48,1.2166,0.0083
49,1.1999,0.0127
50,1.1628,0.0101
51,1.1421,0.0049
52,1.1231,0.0052
53,1.1048,0.0067
54,1.0871,0.0050
55,1.0698,0.0105
56,1.0474,0.0117
57,1.0360,0.0173
58,1.0156,0.0116
59,0.9965,0.0105
60,0.9789,0.0115
61,0.9631,0.0109
62,0.9402,0.0111
63,0.9356,0.0088
64,0.9203,0.0101
65,0.8997,0.0078
66,0.8802,0.0056
67,0.8792,0.0065
68,0.8645,0.0082
69,0.8435,0.0061
70,0.8433,0.0056
71,0.8240,0.0069
72,0.8240,0.0134
73,0.8079,0.0124
74,0.8069,0.0091
75,0.7869,0.0075
76,0.7678,0.0075
77,0.7653,0.0088
78,0.7494,0.0079
79,0.7468,0.0075
80,0.7297,0.0051
81,0.7223,0.0097
82,0.7109,0.0038
